"key","english","arabic_draft","reviewer_correction","reviewer_initials"
"language.label","Language","اللغة","",""
"language.english","English","English","",""
"language.arabic","العربية","العربية","",""
"language.hint","Numbers and vital signs always use 0–9.","الأرقام والعلامات الحيوية تُكتب دائمًا بالأرقام 0–9.","",""
"rail.mainNavigation","Main navigation","التنقل الرئيسي","",""
"rail.brand","Ismailia Health","صحة الإسماعيلية","",""
"rail.brandSub","Connect","كونكت","",""
"rail.closeMenu","Close menu","إغلاق القائمة","",""
"rail.waitingOnYou","Waiting on you","في انتظارك","",""
"rail.beds","Beds","الأسرّة","",""
"rail.referrals","Referrals","الإحالات","",""
"rail.newReferral","New Referral","إحالة جديدة","",""
"rail.inbox","Inbox","الوارد","",""
"rail.bedManagement","Bed Management","إدارة الأسرّة","",""
"rail.directAdmit","Direct Admit","دخول مباشر","",""
"rail.department","Department","القسم","",""
"rail.reports","Reports","التقارير","",""
"rail.directory","Directory","الدليل","",""
"rail.archive","Archive","الأرشيف","",""
"rail.facilitySettings","Facility Settings","إعدادات المنشأة","",""
"rail.emergencyHotline","Emergency Hotline","الخط الساخن للطوارئ","",""
"rail.endOfShift","End of shift","نهاية المناوبة","",""
"rail.logOut","Log out","تسجيل الخروج","",""
"rail.toDark","Switch to dark mode","التبديل إلى الوضع الداكن","",""
"rail.toLight","Switch to light mode","التبديل إلى الوضع الفاتح","",""
"rail.network","Network","الشبكة","",""
"rail.offlineQueued","Offline · {count} queued","غير متصل · {count} في الانتظار","",""
"rail.sendingQueued","Sending {count} queued…","جارٍ إرسال {count} في الانتظار…","",""
"punct.comma",", ","، ","",""
"priority.emergency","EMERGENCY","طارئ","",""
"priority.urgent","URGENT","عاجل","",""
"priority.routine","ROUTINE","روتيني","",""
"time.minutesAgo.zero","{count} min ago","منذ أقل من دقيقة","",""
"time.minutesAgo.one","{count} min ago","منذ دقيقة","",""
"time.minutesAgo.two","{count} min ago","منذ دقيقتين","",""
"time.minutesAgo.few","{count} min ago","منذ {count} دقائق","",""
"time.minutesAgo.many","{count} min ago","منذ {count} دقيقة","",""
"time.minutesAgo.other","{count} min ago","منذ {count} دقيقة","",""
"time.hoursAgo.one","{count} hour ago","منذ ساعة","",""
"time.hoursAgo.two","{count} hours ago","منذ ساعتين","",""
"time.hoursAgo.few","{count} hours ago","منذ {count} ساعات","",""
"time.hoursAgo.many","{count} hours ago","منذ {count} ساعة","",""
"time.hoursAgo.other","{count} hours ago","منذ {count} ساعة","",""
"time.daysAgo.one","{count} day ago","منذ يوم","",""
"time.daysAgo.two","{count} days ago","منذ يومين","",""
"time.daysAgo.few","{count} days ago","منذ {count} أيام","",""
"time.daysAgo.many","{count} days ago","منذ {count} يومًا","",""
"time.daysAgo.other","{count} days ago","منذ {count} يوم","",""
"sla.noClock","no clock","بلا مهلة","",""
"sla.left","{time} left","متبقٍ {time}","",""
"sla.over","+{time} over","متأخر {time}","",""
"sla.leftSpoken.zero","{count} minutes left on the SLA","انتهت مهلة الاستجابة الآن","",""
"sla.leftSpoken.one","{count} minutes left on the SLA","متبقية دقيقة واحدة على مهلة الاستجابة","",""
"sla.leftSpoken.two","{count} minutes left on the SLA","متبقيتان دقيقتان على مهلة الاستجابة","",""
"sla.leftSpoken.few","{count} minutes left on the SLA","متبقية {count} دقائق على مهلة الاستجابة","",""
"sla.leftSpoken.many","{count} minutes left on the SLA","متبقية {count} دقيقة على مهلة الاستجابة","",""
"sla.leftSpoken.other","{count} minutes left on the SLA","متبقية {count} دقيقة على مهلة الاستجابة","",""
"sla.passedSpoken.zero","SLA passed {count} minutes ago","انتهت مهلة الاستجابة الآن","",""
"sla.passedSpoken.one","SLA passed {count} minutes ago","انتهت مهلة الاستجابة منذ دقيقة","",""
"sla.passedSpoken.two","SLA passed {count} minutes ago","انتهت مهلة الاستجابة منذ دقيقتين","",""
"sla.passedSpoken.few","SLA passed {count} minutes ago","انتهت مهلة الاستجابة منذ {count} دقائق","",""
"sla.passedSpoken.many","SLA passed {count} minutes ago","انتهت مهلة الاستجابة منذ {count} دقيقة","",""
"sla.passedSpoken.other","SLA passed {count} minutes ago","انتهت مهلة الاستجابة منذ {count} دقيقة","",""
"standing.pendingDept","waiting on {dept} at {facility}","بانتظار {dept} في {facility}","",""
"standing.pending","waiting on {facility}","بانتظار {facility}","",""
"standing.postponed","{facility} asked for requirements","طلب {facility} متطلبات","",""
"standing.deptApproved","{dept} approved · waiting on the manager","وافق {dept} · بانتظار المدير","",""
"standing.department","department","القسم","",""
"standing.accepted","accepted by {facility} · consent next","قبلها {facility} · الموافقة المستنيرة تالية","",""
"standing.consentEscort","consent recorded, escort needed","سُجّلت الموافقة، ويلزم طبيب مرافق","",""
"standing.consentAmbulance","consent recorded · waiting on the ambulance","سُجّلت الموافقة · بانتظار الإسعاف","",""
"standing.inTransit","in transit to {facility}","في الطريق إلى {facility}","",""
"standing.arrived","arrived at {facility}","وصل إلى {facility}","",""
"standing.admitted","admitted at {facility}","دخل {facility}","",""
"home.cases.zero","{count} cases","لا حالات","",""
"home.cases.one","{count} case","حالة واحدة","",""
"home.cases.two","{count} cases","حالتان","",""
"home.cases.few","{count} cases","{count} حالات","",""
"home.cases.many","{count} cases","{count} حالة","",""
"home.cases.other","{count} cases","{count} حالة","",""
"home.reviewNow","Review now","راجِع الآن","",""
"home.summary","Summary","الملخص","",""
"home.decline","Decline","رفض","",""
"card.view","View","عرض","",""
"card.to","To {facility}","إلى {facility}","",""
"card.from","from {facility}","من {facility}","",""
"card.fromStart","From {facility}","من {facility}","",""
"card.leftAt","left {time}","غادر {time}","",""
"card.consented","Patient consented","وافق المريض","",""
"card.waitingConsent","Waiting for the patient’s consent","بانتظار موافقة المريض","",""
"card.escort","Escort","المرافق","",""
"card.escortRequired","Doctor escort required before dispatch","يلزم طبيب مرافق قبل الإرسال","",""
"card.escortNameLabel","Escorting doctor's name","اسم الطبيب المرافق","",""
"card.escortNamePlaceholder","Doctor's name","اسم الطبيب","",""
"card.escortPhoneLabel","Escorting doctor's phone","هاتف الطبيب المرافق","",""
"card.escortPhonePlaceholder","Doctor's phone number","رقم هاتف الطبيب","",""
"card.saving","Saving…","جارٍ الحفظ…","",""
"card.saveEscort","Save escort","حفظ المرافق","",""
"card.dispatched","Dispatched","أُرسل","",""
"card.dispatch","Dispatch ambulance","إرسال الإسعاف","",""
"card.blockedConsent","Blocked: record patient consent first","متوقف: سجّل موافقة المريض أولًا","",""
"card.blockedEscort","Blocked: record the escorting doctor first","متوقف: سجّل الطبيب المرافق أولًا","",""
"card.arrivalConfirmed","Arrival confirmed","تأكد الوصول","",""
"card.confirmArrival","Confirm arrival","تأكيد الوصول","",""
"card.callReferrer","Call the referring doctor","اتصل بالطبيب المُحيل","",""
"card.arrived","Arrived","وصل","",""
"card.requested","{bed} requested","مطلوب {bed}","",""
"card.admitting","Admitting…","جارٍ الإدخال…","",""
"card.admitTo","Admit to {bed} bed","إدخال إلى سرير {bed}","",""
"card.approvedBy","Approved by {who}","وافق {who}","",""
"card.deptApproved","Department approved","وافق القسم","",""
"card.approve","Approve","موافقة","",""
"card.accept","Accept","قبول","",""
"card.unassigned","Unassigned","غير محدد","",""
"escalation.label","Escalated case","حالة مُصعَّدة","",""
"escalation.reason.sla_breach","no response","لا استجابة","",""
"escalation.reason.no_beds_available","no beds in network","لا أسرّة في الشبكة","",""
"escalation.reason.no_matching_facility","no matching facility","لا منشأة مناسبة","",""
"escalation.reason.requirements_needed","requirements outstanding","متطلبات معلّقة","",""
"escalation.reason.manual","raised by hand","صُعِّدت يدويًا","",""
"escalation.systemLevel","System level · {reason}","على مستوى الشبكة · {reason}","",""
"escalation.escalated","Escalated · {reason}","مُصعَّدة · {reason}","",""
"escalation.escalatedFor","Escalated · {reason} {mins} min","مُصعَّدة · {reason} منذ {mins} د","",""
"escalation.noMatchingFacility","No facility in the network provides the required departments and bed type.","لا توجد منشأة في الشبكة تقدم الأقسام ونوع السرير المطلوبين.","",""
"escalation.allFull","Every matching facility is at full capacity for the required bed type.","كل المنشآت المناسبة ممتلئة لنوع السرير المطلوب.","",""
"escalation.bed","{bed} bed","سرير {bed}","",""
"draft.unnamed","Unnamed draft","مسودة بلا اسم","",""
"draft.saved","Saved {time}","حُفظت {time}","",""
"draft.step","step {step} of {total}","الخطوة {step} من {total}","",""
"draft.chip","DRAFT","مسودة","",""
"draft.notSent","Not sent yet.","لم تُرسل بعد.","",""
"draft.missing","{list} still missing.","ما زال ينقص: {list}.","",""
"draft.ready","Ready to review and send.","جاهزة للمراجعة والإرسال.","",""
"draft.resume","Resume draft","استكمال المسودة","",""
"draft.listAnd","{list} and {last}","{list} و{last}","",""
"draft.gap.patient","Patient details","بيانات المريض","",""
"draft.gap.presentation","Presentation","الحالة عند الحضور","",""
"draft.gap.diagnosis","Diagnosis","التشخيص","",""
"draft.gap.ecg","ECG","رسم القلب","",""
"draft.gap.destination","Destination","الجهة المستقبلة","",""
"handover.recent","Recent handovers","آخر التسليمات","",""
"handover.none","No recent handovers recorded for your unit.","لا تسليمات حديثة مسجلة لوحدتك.","",""
"handover.pending","Pending: {count}","معلّقة: {count}","",""
"handover.admitted","Admitted: {count}","دخلوا: {count}","",""
"clinician.title.zero","{count} need you","لا شيء في انتظارك","",""
"clinician.title.one","{count} needs you","حالة واحدة تحتاجك","",""
"clinician.title.two","{count} need you","حالتان تحتاجانك","",""
"clinician.title.few","{count} need you","{count} حالات تحتاجك","",""
"clinician.title.many","{count} need you","{count} حالة تحتاجك","",""
"clinician.title.other","{count} need you","{count} حالة تحتاجك","",""
"clinician.rationale","Blocked on something only you can do. Emergency first.","متوقفة على أمر لا يقوم به غيرك. الطوارئ أولًا.","",""
"clinician.segmentsLabel","Your referrals by who they wait on","إحالاتك حسب الجهة التي تنتظرها","",""
"clinician.segment.you","You","أنت","",""
"clinician.segment.them","Them","غيرك","",""
"clinician.segment.moving","Moving","في الطريق","",""
"clinician.segment.inbound","Inbound","واردة","",""
"clinician.empty.you","Nothing is blocked on you. Anything that needs your answer will appear here first.","لا شيء متوقف عليك. أي حالة تحتاج ردك ستظهر هنا أولًا.","",""
"clinician.empty.them","No referrals waiting on another team.","لا إحالات بانتظار فريق آخر.","",""
"clinician.empty.moving","No patients on the road right now.","لا مرضى في الطريق الآن.","",""
"clinician.empty.inbound","Nothing on its way to your department.","لا شيء في الطريق إلى قسمك.","",""
"clinician.theDepartment","The department","القسم","",""
"clinician.deptNeeds","{dept} needs: {comment}","{dept} يطلب: {comment}","",""
"clinician.deptSentBack","{dept} sent this back with requirements.","أعاد {dept} الإحالة مع متطلبات.","",""
"clinician.escortNeeded","ER cannot dispatch until an escorting doctor is named.","لا يمكن للطوارئ إرسال المريض قبل تسمية الطبيب المرافق.","",""
"clinician.answerRequirements","Answer requirements","الرد على المتطلبات","",""
"clinician.nameEscort","Name the escort","تسمية المرافق","",""
"clinician.openReferral","Open referral","فتح الإحالة","",""
"clinician.theReceivingHospital","the receiving hospital","المستشفى المستقبل","",""
"clinician.admitted","Admitted to your unit · {count}","المرضى في وحدتك · {count}","",""
"clinician.noneAdmitted","No patients currently admitted in your unit.","لا يوجد مرضى في وحدتك حاليًا.","",""
"clinician.viaReferral","referral","إحالة","",""
"clinician.directAdmission","direct admission","دخول مباشر","",""
"clinician.newReferral","New referral","إحالة جديدة","",""
"clinician.searchReferrals","Search referrals","البحث في الإحالات","",""
"clinician.directory","Directory and hotlines","الدليل والخطوط الساخنة","",""
"hod.accessDenied","Access Denied. Head of Department privileges required.","غير مسموح. تتطلب هذه الصفحة صلاحيات رئيس القسم.","",""
"hod.title.zero","{count} waiting on you","لا شيء في انتظارك","",""
"hod.title.one","{count} waiting on you","حالة واحدة في انتظارك","",""
"hod.title.two","{count} waiting on you","حالتان في انتظارك","",""
"hod.title.few","{count} waiting on you","{count} حالات في انتظارك","",""
"hod.title.many","{count} waiting on you","{count} حالة في انتظارك","",""
"hod.title.other","{count} waiting on you","{count} حالة في انتظارك","",""
"hod.rationale","Escalated cases stay pinned on top. Everything else is ordered emergency → urgent → routine.","الحالات المُصعَّدة تبقى مثبتة في الأعلى، والباقي مرتب: طارئ ← عاجل ← روتيني.","",""
"hod.queue","Department review queue","قائمة مراجعة القسم","",""
"hod.queueFor","Department review queue · {dept}","قائمة مراجعة القسم · {dept}","",""
"hod.queueCount","Department review queue · {dept} · {count} pending","قائمة مراجعة القسم · {dept} · {count} معلّقة","",""
"hod.all","All","الكل","",""
"hod.empty","Your department review queue is completely clear.","قائمة مراجعة قسمك فارغة تمامًا.","",""
"hod.approvedLine","Approved {name} · sent to the manager for signature","تمت الموافقة على {name} · أُرسلت إلى المدير للتوقيع","",""
"hod.approveFor","Approve for {dept}","موافقة لـ{dept}","",""
"hod.needRequirements","Need requirements","طلب متطلبات","",""
"hod.toastApproved","Referral approved.","تمت الموافقة على الإحالة.","",""
"hod.toastApproveFailed","Could not approve this referral.","تعذرت الموافقة على هذه الإحالة.","",""
"manager.escalations.one","{count} escalation","تصعيد واحد","",""
"manager.escalations.two","{count} escalations","تصعيدان","",""
"manager.escalations.few","{count} escalations","{count} تصعيدات","",""
"manager.escalations.many","{count} escalations","{count} تصعيدًا","",""
"manager.escalations.other","{count} escalations","{count} تصعيد","",""
"manager.toSign","{count} to sign","{count} للتوقيع","",""
"manager.titleBoth","{escalations}, {toSign}","{escalations}، {toSign}","",""
"manager.nothingToSign","Nothing to sign","لا شيء للتوقيع","",""
"manager.rationale","Escalations first, then the transfers departments approved, waiting on your signature.","التصعيدات أولًا، ثم التحويلات التي وافقت عليها الأقسام بانتظار توقيعك.","",""
"manager.sourceBed","Source a bed","البحث عن سرير","",""
"manager.callAdmin","Call admin","اتصل بالإدارة","",""
"manager.moreEscalated.one","{count} more escalated case","حالة مُصعَّدة أخرى","",""
"manager.moreEscalated.two","{count} more escalated cases","حالتان مُصعَّدتان أخريان","",""
"manager.moreEscalated.few","{count} more escalated cases","{count} حالات مُصعَّدة أخرى","",""
"manager.moreEscalated.many","{count} more escalated cases","{count} حالة مُصعَّدة أخرى","",""
"manager.moreEscalated.other","{count} more escalated cases","{count} حالة مُصعَّدة أخرى","",""
"manager.freeBeds","Free beds right now","الأسرّة الشاغرة الآن","",""
"manager.freeOf","{free} of {total} free","{free} شاغر من {total}","",""
"manager.queue","Department approved · your signature","وافق القسم · بانتظار توقيعك","",""
"manager.empty","Nothing waiting on your signature right now.","لا شيء بانتظار توقيعك الآن.","",""
"manager.acceptTransfer","Accept the transfer","قبول التحويل","",""
"manager.toastAccepted","Referral accepted.","تم قبول الإحالة.","",""
"manager.toastAcceptFailed","Could not accept this referral.","تعذر قبول هذه الإحالة.","",""
"er.title","{toSend} to send, {arriving} arriving","{toSend} للإرسال، {arriving} في الطريق إلينا","",""
"er.rationale","Outbound first — the patient is waiting on you.","الصادر أولًا: المريض ينتظرك.","",""
"er.outbound","Outbound · awaiting ambulance","صادر · بانتظار الإسعاف","",""
"er.outboundEmpty","No outbound patients awaiting transport.","لا مرضى صادرون بانتظار النقل.","",""
"er.inbound","Inbound · in transit","وارد · في الطريق","",""
"er.inboundEmpty","No incoming patients currently in transit.","لا مرضى واردون في الطريق حاليًا.","",""
"er.loading","Loading transfers…","جارٍ تحميل التحويلات…","",""
"er.toastDispatched","Ambulance dispatched.","أُرسل الإسعاف.","",""
"er.toastDispatchFailed","Could not dispatch the ambulance.","تعذر إرسال الإسعاف.","",""
"er.toastArrived","Arrival confirmed.","تأكد الوصول.","",""
"er.toastArriveFailed","Could not confirm arrival.","تعذر تأكيد الوصول.","",""
"er.toastEscortSaved","Escort details saved.","حُفظت بيانات المرافق.","",""
"er.toastEscortFailed","Could not save the accompanying doctor's details.","تعذر حفظ بيانات الطبيب المرافق.","",""
"nurse.title.zero","{count} {bed} beds free","لا أسرّة {bed} شاغرة","",""
"nurse.title.one","{count} {bed} bed free","سرير {bed} واحد شاغر","",""
"nurse.title.two","{count} {bed} beds free","سريرا {bed} شاغران","",""
"nurse.title.few","{count} {bed} beds free","{count} أسرّة {bed} شاغرة","",""
"nurse.title.many","{count} {bed} beds free","{count} سرير {bed} شاغر","",""
"nurse.title.other","{count} {bed} beds free","{count} سرير {bed} شاغر","",""
"nurse.beds","Beds","الأسرّة","",""
"nurse.rationale","Every change publishes to the network immediately — that is what stops referrals being routed to a full unit.","كل تغيير يُنشر في الشبكة فورًا، وهذا ما يمنع توجيه الإحالات إلى وحدة ممتلئة.","",""
"nurse.freeOccupied","{free} of {total} free · {occupied} occupied","{free} شاغر من {total} · {occupied} مشغول","",""
"nurse.oneMore","One more {bed} bed occupied","سرير {bed} إضافي مشغول","",""
"nurse.oneFewer","One fewer {bed} bed occupied","سرير {bed} أقل مشغول","",""
"nurse.bedsFree","{bed} beds free","أسرّة {bed} الشاغرة","",""
"nurse.noCapacity","No bed capacity configured for this facility yet.","لم تُضبط سعة الأسرّة لهذه المنشأة بعد.","",""
"nurse.arrived","Arrived · waiting to be admitted","وصلوا · بانتظار الإدخال","",""
"nurse.loadingArrivals","Loading arrivals…","جارٍ تحميل الواصلين…","",""
"nurse.noneArrived","No transferred patients waiting for a bed.","لا مرضى محوَّلون بانتظار سرير.","",""
"nurse.directAdmit","Direct admit a walk-in","إدخال مباشر لمريض حضر بنفسه","",""
"nurse.census","Inpatient census and discharges","حصر المرضى المقيمين والخروج","",""
"nurse.toastAdmitted","Patient admitted.","تم إدخال المريض.","",""
"nurse.toastAdmitFailed","Could not admit this patient.","تعذر إدخال هذا المريض.","",""
